{"cameraMode":{"drawMode":0,"name":"Shaded","section":"Shading Mode"},"sceneLighting":true,"audioPlay":false,"sceneViewState":{"showFog":true,"showMaterialUpdate":false,"showSkybox":false,"showFlares":true,"showImageEffects":true,"showParticleSystems":true},"in2DMode":false,"pivot":{"x":0.0,"y":0.6209999322891235,"z":0.08899974822998047},"rotation":{"x":-0.23606808483600617,"y":0.061750881373882297,"z":-0.015033525414764882,"w":-0.9696559906005859},"size":23.28603744506836,"orthographic":false}