{"cameraMode":{"drawMode":0,"name":"Shaded","section":"Shading Mode"},"sceneLighting":true,"audioPlay":false,"sceneViewState":{"showFog":true,"showMaterialUpdate":false,"showSkybox":true,"showFlares":true,"showImageEffects":true,"showParticleSystems":true},"in2DMode":false,"pivot":{"x":-4.779537200927734,"y":-3.064206838607788,"z":0.8779568672180176},"rotation":{"x":-0.36020001769065859,"y":-0.06094951182603836,"z":0.023591795936226846,"w":-0.9305829405784607},"size":8.883291244506836,"orthographic":false}